<?xml version="1.0" encoding="UTF-8"?>
<configuration debug="false">
  <appender name="STDOUT" class="ch.qos.logback.core.ConsoleAppender">
    <encoder class="ch.qos.logback.classic.encoder.PatternLayoutEncoder">
      <pattern>%d{yyyy-MM-dd HH:mm:ss.SSS} [%thread] %-5level %logger{50} - %msg%n</pattern>
    </encoder>
    <filter class="ch.qos.logback.classic.filter.LevelFilter">
      <level>DEBUG</level>
      <onMatch>DENY</onMatch>
      <onMismatch>ACCEPT</onMismatch>
    </filter>
  </appender>

  <appender name="FILE" class="ch.qos.logback.core.FileAppender">
    <file>testFile.log</file>
    <encoder class="ch.qos.logback.classic.encoder.PatternLayoutEncoder">
      <pattern>%d{yyyy-MM-dd HH:mm:ss.SSS} [%thread] %-5level %logger{50} - %msg%n</pattern>
    </encoder>
    <append>false</append>
  </appender>

  <root level="INFO">
    <appender-ref ref="STDOUT"/>
    <!--    <appender-ref ref="FILE"/>-->
  </root>
</configuration>
